City_ID,City,Lat,Lng,Max Temp,Humidity,Cloudiness,Wind Speed,Weather Description,Country,Date
0,Tuatapere,-46.1333,167.6833,51.4,88,96,3.0,Clouds,NZ,2022-09-20 23:24:14
1,Rikitea,-23.1203,-134.9692,73.36,75,0,14.94,Rain,PF,2022-09-20 23:24:14
2,Puerto Ayora,-0.7393,-90.3518,66.54,96,64,8.99,Clouds,EC,2022-09-20 23:24:14
3,Pevek,69.7008,170.3133,40.84,52,89,17.38,Clouds,RU,2022-09-20 23:24:14
4,Suntar,62.1444,117.6319,32.79,86,100,8.52,Clouds,RU,2022-09-20 23:24:15
5,Mahebourg,-20.4081,57.7,71.26,83,40,9.22,Clouds,MU,2022-09-20 23:24:15
6,Linqiong,30.4159,103.4609,69.62,89,100,3.29,Clouds,CN,2022-09-20 23:24:15
7,Maceio,-9.6658,-35.7353,72.84,88,0,4.61,Clear,BR,2022-09-20 23:24:16
8,Busselton,-33.65,115.3333,58.46,71,3,16.73,Clear,AU,2022-09-20 23:24:16
9,Sao Gabriel Da Cachoeira,-0.1303,-67.0892,75.74,87,31,3.91,Clouds,BR,2022-09-20 23:24:16
10,Thompson,55.7435,-97.8558,46.56,76,100,8.05,Clouds,CA,2022-09-20 23:24:17
11,Port Moresby,-9.4431,147.1797,83.62,74,40,3.44,Haze,PG,2022-09-20 23:20:50
12,Meadow Lake,34.8014,-106.5436,87.15,40,93,8.48,Clouds,US,2022-09-20 23:21:11
13,Quatre Cocos,-20.2078,57.7625,71.1,82,64,17.83,Rain,MU,2022-09-20 23:24:17
14,Ushuaia,-54.8,-68.3,47.86,49,40,6.91,Clouds,AR,2022-09-20 23:21:36
15,Krasnoselkup,65.7,82.4667,36.66,71,100,22.5,Clouds,RU,2022-09-20 23:24:18
16,Padang,-0.9492,100.3543,75.25,87,99,3.74,Clouds,ID,2022-09-20 23:24:18
17,Torbay,47.6666,-52.7314,48.49,88,0,2.3,Clear,CA,2022-09-20 23:24:18
18,Kavaratti,10.5669,72.642,80.67,78,100,13.33,Clouds,IN,2022-09-20 23:24:18
19,Sao Joao Da Barra,-21.6403,-41.0511,73.49,86,55,16.42,Clouds,BR,2022-09-20 23:24:19
20,Swan Hill,-35.3378,143.5544,52.14,97,100,18.14,Clouds,AU,2022-09-20 23:24:19
21,Kununurra,-15.7667,128.7333,82.38,61,10,0.0,Clear,AU,2022-09-20 23:24:19
22,Longyearbyen,78.2186,15.6401,33.64,80,75,23.02,Clouds,SJ,2022-09-20 23:24:20
23,Vysokogornyy,50.1167,139.15,36.59,72,19,7.54,Clouds,RU,2022-09-20 23:24:20
24,Tiksi,71.6872,128.8694,32.99,99,100,10.29,Snow,RU,2022-09-20 23:24:20
25,Lorengau,-2.0226,147.2712,83.77,70,99,8.21,Clouds,PG,2022-09-20 23:24:21
26,Faanui,-16.4833,-151.75,78.03,74,7,15.14,Rain,PF,2022-09-20 23:24:21
27,Upernavik,72.7868,-56.1549,33.49,99,100,7.29,Snow,GL,2022-09-20 23:24:21
28,Cherskiy,68.75,161.3,41.67,59,100,18.43,Clouds,RU,2022-09-20 23:24:22
29,Arraial Do Cabo,-22.9661,-42.0278,69.76,88,0,3.44,Clear,BR,2022-09-20 23:19:43
30,Yellowknife,62.456,-114.3525,55.92,50,20,8.05,Clouds,CA,2022-09-20 23:22:16
31,Soyo,-6.1349,12.3689,73.47,88,48,9.75,Clouds,AO,2022-09-20 23:24:22
32,Lebu,-37.6167,-73.65,46.6,77,62,7.99,Clouds,CL,2022-09-20 23:24:22
33,Harper,4.375,-7.7169,76.3,87,90,10.31,Rain,LR,2022-09-20 23:24:23
34,Yanam,16.7333,82.2167,75.67,92,100,4.76,Clouds,IN,2022-09-20 23:24:23
35,Albany,42.6001,-73.9662,66.92,81,30,4.0,Clouds,US,2022-09-20 23:19:39
36,Nhulunbuy,-12.2333,136.7667,84.81,70,75,11.5,Clouds,AU,2022-09-20 23:24:23
37,Georgetown,5.4112,100.3354,78.73,94,20,2.3,Clouds,MY,2022-09-20 23:24:24
38,Tuktoyaktuk,69.4541,-133.0374,48.2,87,75,11.5,Clouds,CA,2022-09-20 23:24:24
39,Mataura,-46.1927,168.8643,46.47,91,94,1.16,Clouds,NZ,2022-09-20 23:24:24
40,Hermanus,-34.4187,19.2345,54.81,79,1,7.18,Clear,ZA,2022-09-20 23:24:25
41,Bluff,-46.6,168.3333,46.8,84,94,3.36,Clouds,NZ,2022-09-20 23:24:25
42,Dikson,73.5069,80.5464,30.56,72,100,22.48,Clouds,RU,2022-09-20 23:24:25
43,Hithadhoo,-0.6,73.0833,81.28,71,10,4.12,Clear,MV,2022-09-20 23:24:26
44,Zhigansk,66.7697,123.3711,30.22,80,92,17.52,Clouds,RU,2022-09-20 23:24:26
45,Vila Velha,-20.3297,-40.2925,75.15,83,0,17.27,Clear,BR,2022-09-20 23:24:26
46,Clyde River,70.4692,-68.5914,30.43,93,100,5.75,Snow,CA,2022-09-20 23:24:26
47,Mount Gambier,-37.8333,140.7667,50.31,98,100,3.49,Clouds,AU,2022-09-20 23:25:27
48,Kichera,55.9375,110.0997,40.82,97,99,6.08,Rain,RU,2022-09-20 23:25:27
49,Port Alfred,-33.5906,26.891,54.18,97,8,1.01,Clear,ZA,2022-09-20 23:25:27
50,Tasiilaq,65.6145,-37.6368,39.36,97,100,6.06,Rain,GL,2022-09-20 23:25:28
51,Jamestown,42.097,-79.2353,69.03,63,0,4.61,Clear,US,2022-09-20 23:25:28
52,Castro,-24.7911,-50.0119,60.21,82,57,3.02,Clouds,BR,2022-09-20 23:25:28
53,Beckley,37.7782,-81.1882,73.81,66,0,5.75,Clear,US,2022-09-20 23:24:43
54,Provideniya,64.3833,-173.3,41.36,100,75,8.99,Fog,RU,2022-09-20 23:25:29
55,Savannah Bight,16.45,-85.85,83.1,74,75,8.52,Clouds,HN,2022-09-20 23:25:29
56,Tucuma,-0.1833,-50.05,79.72,79,59,9.33,Rain,BR,2022-09-20 23:25:29
57,Yar-Sale,66.8333,70.8333,48.94,93,85,16.69,Clouds,RU,2022-09-20 23:25:30
58,Majene,-3.5403,118.9707,76.6,87,86,5.7,Clouds,ID,2022-09-20 23:25:30
59,Nicoya,10.1483,-85.452,78.58,84,64,2.93,Clouds,CR,2022-09-20 23:25:30
60,La Ronge,55.1001,-105.2842,52.05,71,100,14.97,Clouds,CA,2022-09-20 23:25:31
61,Punta Arenas,-53.15,-70.9167,46.51,46,20,2.3,Clouds,CL,2022-09-20 23:25:31
62,Kaitangata,-46.2817,169.8464,51.28,86,68,3.13,Clouds,NZ,2022-09-20 23:25:31
63,New Norfolk,-42.7826,147.0587,57.92,61,76,1.01,Clouds,AU,2022-09-20 23:25:32
64,Viedma,-40.8135,-62.9967,47.46,52,2,5.08,Clear,AR,2022-09-20 23:25:32
65,Leningradskiy,69.3833,178.4167,36.05,70,5,14.94,Clear,RU,2022-09-20 23:25:32
66,Kapaa,22.0752,-159.319,87.78,69,0,16.11,Clear,US,2022-09-20 23:25:33
67,Cabo San Lucas,22.8909,-109.9124,83.61,87,100,8.05,Clouds,MX,2022-09-20 23:23:47
68,Acapulco,16.8634,-99.8901,80.42,83,100,4.61,Clouds,MX,2022-09-20 23:23:16
69,Sheridan,44.8333,-106.9173,59.38,63,100,14.97,Clouds,US,2022-09-20 23:25:33
70,Ostrovnoy,68.0531,39.5131,43.59,83,100,25.72,Rain,RU,2022-09-20 23:25:33
71,Marondera,-18.1853,31.5519,61.72,35,7,6.6,Clear,ZW,2022-09-20 23:25:34
72,Calama,-22.4667,-68.9333,59.49,15,0,14.97,Clear,CL,2022-09-20 23:25:34
73,San Quintin,30.4833,-115.95,74.17,65,86,17.2,Clouds,MX,2022-09-20 23:25:34
74,Kasongo-Lunda,-6.4667,16.8167,72.43,94,100,0.36,Clouds,CD,2022-09-20 23:25:34
75,Channel-Port Aux Basques,47.5702,-59.1367,53.33,69,41,10.69,Clouds,CA,2022-09-20 23:25:35
76,Saskylakh,71.9167,114.0833,24.98,86,100,19.37,Clouds,RU,2022-09-20 23:25:35
77,Benjamin Constant,-4.3831,-70.0311,80.73,78,75,4.61,Clouds,BR,2022-09-20 23:25:35
78,Souillac,-20.5167,57.5167,70.18,83,40,9.22,Rain,MU,2022-09-20 23:23:09
79,Cayenne,4.9333,-52.3333,77.04,88,0,3.44,Clear,GF,2022-09-20 23:25:36
80,Coahuayana,18.7333,-103.6833,76.69,95,100,0.29,Clouds,MX,2022-09-20 23:25:36
81,Axim,4.8699,-2.2405,75.16,90,93,5.7,Rain,GH,2022-09-20 23:25:36
82,Kakching,24.4833,93.9833,67.59,98,70,0.69,Clouds,IN,2022-09-20 23:25:37
83,Vestmanna,62.1564,-7.1664,49.12,100,100,8.05,Mist,FO,2022-09-20 23:25:37
84,Opuwo,-18.0607,13.84,66.11,24,0,2.01,Clear,NA,2022-09-20 23:25:37
85,Hasaki,35.7333,140.8333,64.8,70,100,19.98,Clouds,JP,2022-09-20 23:25:38
86,Hobart,-42.8794,147.3294,58.26,64,0,8.05,Clear,AU,2022-09-20 23:25:38
87,Chokurdakh,70.6333,147.9167,33.24,91,100,15.35,Snow,RU,2022-09-20 23:25:38
88,Kaeo,-35.1,173.7833,64.11,69,24,5.75,Clouds,NZ,2022-09-20 23:25:38
89,Ust-Maya,60.4167,134.5333,31.01,60,4,8.19,Clear,RU,2022-09-20 23:25:39
90,Xuanhua,40.6103,115.0447,54.91,42,24,1.05,Clouds,CN,2022-09-20 23:25:39
91,Airai,-8.9266,125.4092,66.47,68,28,3.09,Clouds,TL,2022-09-20 23:25:39
92,Karratha,-20.7377,116.8463,68.56,36,0,9.78,Clear,AU,2022-09-20 23:25:40
93,Mandalgovi,45.7625,106.2708,44.55,33,46,13.42,Clouds,MN,2022-09-20 23:25:40
94,Kavieng,-2.5744,150.7967,83.37,70,94,9.69,Clouds,PG,2022-09-20 23:23:12
95,Port Lincoln,-34.7333,135.8667,57.45,74,47,17.52,Clouds,AU,2022-09-20 23:26:40
96,Kodiak,57.79,-152.4072,58.51,51,0,10.36,Clear,US,2022-09-20 23:26:41
97,Haines Junction,60.7522,-137.5108,66.15,39,100,8.05,Clouds,CA,2022-09-20 23:26:41
98,Ewa Beach,21.3156,-158.0072,89.55,49,75,18.41,Clouds,US,2022-09-20 23:26:41
99,Kieta,-6.2167,155.6333,82.71,74,98,6.29,Rain,PG,2022-09-20 23:26:42
100,College,64.8569,-147.8028,48.15,79,75,4.61,Clouds,US,2022-09-20 23:26:42
101,Sao Filipe,14.8961,-24.4956,78.96,76,25,8.66,Clouds,CV,2022-09-20 23:26:42
102,Palencia,42.4167,-4.5,60.8,57,0,8.59,Clear,ES,2022-09-20 23:24:59
103,Luderitz,-26.6481,15.1594,65.37,33,0,10.18,Clear,NA,2022-09-20 23:26:43
104,Atuona,-9.8,-139.0333,76.8,75,27,20.33,Rain,PF,2022-09-20 23:26:43
105,Butaritari,3.0707,172.7902,81.23,76,81,10.04,Clouds,KI,2022-09-20 23:26:43
106,Cape Town,-33.9258,18.4232,56.26,76,0,1.14,Clear,ZA,2022-09-20 23:23:10
107,Mountain Home,43.133,-115.6912,85.48,10,40,4.61,Clouds,US,2022-09-20 23:25:30
108,Husavik,66.0449,-17.3389,53.8,77,78,7.36,Clouds,IS,2022-09-20 23:26:44
109,Barranca,-10.75,-77.7667,61.16,82,30,12.68,Clouds,PE,2022-09-20 23:26:44
110,Beringovskiy,63.05,179.3167,44.55,82,100,22.68,Rain,RU,2022-09-20 23:26:44
111,Damaturu,11.747,11.9608,77.23,76,94,5.86,Rain,NG,2022-09-20 23:26:45
112,Vaini,-21.2,-175.2,77.16,83,75,11.5,Clouds,TO,2022-09-20 23:26:45
113,Mazatlan,23.2167,-106.4167,88.02,80,40,4.0,Clouds,MX,2022-09-20 23:26:45
114,Avera,33.194,-82.5271,85.55,47,0,5.26,Clear,US,2022-09-20 23:26:46
115,Palmares Do Sul,-30.2578,-50.5097,59.07,90,71,6.71,Clouds,BR,2022-09-20 23:26:46
116,Verkhnevilyuysk,63.4453,120.3167,28.65,74,100,4.59,Clouds,RU,2022-09-20 23:26:46
117,Grindavik,63.8424,-22.4338,48.67,100,100,6.91,Clouds,IS,2022-09-20 23:26:46
118,Kandry,54.5667,54.1167,61.07,87,100,2.75,Clouds,RU,2022-09-20 23:26:47
119,Hilo,19.7297,-155.09,87.28,64,0,9.22,Clear,US,2022-09-20 23:24:30
120,Sydney,-33.8679,151.2073,68.34,76,75,19.57,Clouds,AU,2022-09-20 23:26:38
121,Ahipara,-35.1667,173.1667,62.62,71,5,6.42,Clear,NZ,2022-09-20 23:23:08
122,Pangody,65.85,74.4859,49.95,98,100,15.01,Clouds,RU,2022-09-20 23:26:47
123,Golden,39.7555,-105.2211,88.43,18,47,3.0,Clouds,US,2022-09-20 23:23:46
124,Grand Forks,47.9417,-97.4337,67.93,49,75,13.8,Clouds,US,2022-09-20 23:26:48
125,Najran,17.4924,44.1277,79.45,38,85,5.3,Clouds,SA,2022-09-20 23:26:48
126,Talnakh,69.4865,88.3972,31.21,71,100,9.31,Clouds,RU,2022-09-20 23:26:48
127,Tecoanapa,16.5167,-98.75,79.54,88,100,4.88,Clouds,MX,2022-09-20 23:26:49
128,Qaanaaq,77.484,-69.3632,23.58,64,100,6.58,Clouds,GL,2022-09-20 23:26:49
129,Mar Del Plata,-38.0023,-57.5575,50.09,77,0,3.0,Clear,AR,2022-09-20 23:26:49
130,Komsomolskiy,40.4272,71.7189,68.72,40,45,9.22,Clouds,UZ,2022-09-20 23:26:50
131,Saint-Joseph,-21.3667,55.6167,68.38,84,37,14.58,Rain,RE,2022-09-20 23:26:50
132,Ribeira Grande,38.5167,-28.7,74.28,81,24,3.65,Clouds,PT,2022-09-20 23:26:50
133,Ponta Do Sol,32.6667,-17.1,74.03,87,36,3.29,Clouds,PT,2022-09-20 23:26:51
134,North Bend,43.4065,-124.2243,71.24,94,0,9.22,Clear,US,2022-09-20 23:26:51
135,Russell,32.3502,-85.1999,87.08,83,0,0.0,Clear,US,2022-09-20 23:26:51
136,Bambous Virieux,-20.3428,57.7575,71.22,83,40,9.22,Rain,MU,2022-09-20 23:26:52
137,Chumikan,54.7183,135.315,42.8,65,27,21.61,Clouds,RU,2022-09-20 23:26:52
138,Luganville,-15.5333,167.1667,82.8,70,25,7.34,Clouds,VU,2022-09-20 23:27:52
139,San Francisco,37.7749,-122.4194,77.11,67,75,12.66,Clouds,US,2022-09-20 23:23:46
140,Yokadouma,3.5167,15.05,69.21,99,74,2.17,Clouds,CM,2022-09-20 23:27:53
141,Broome,42.2506,-75.833,65.68,81,40,9.22,Clouds,US,2022-09-20 23:27:53
142,Klaksvik,62.2266,-6.589,50.92,95,76,13.15,Clouds,FO,2022-09-20 23:27:53
143,Qurayyat,31.3318,37.3428,69.98,73,0,11.5,Clear,SA,2022-09-20 23:27:54
144,Flinders,-34.5833,150.8552,67.37,81,100,7.0,Clouds,AU,2022-09-20 23:27:54
145,Arlit,18.7369,7.3853,91.72,32,80,5.97,Clouds,NE,2022-09-20 23:27:54
146,Yambio,4.5721,28.3955,67.53,97,12,2.98,Clouds,SS,2022-09-20 23:27:55
147,Burns Lake,54.2331,-125.7533,67.42,24,10,3.11,Clear,CA,2022-09-20 23:25:06
148,Ilulissat,69.2167,-51.1,35.62,93,75,10.36,Drizzle,GL,2022-09-20 23:27:55
149,Ellisras,-23.6649,27.7443,60.57,89,22,3.22,Rain,ZA,2022-09-20 23:27:55
150,Saint-Philippe,-21.3585,55.7679,69.39,86,65,15.43,Rain,RE,2022-09-20 23:27:56
151,Poli,-3.3333,36.8,56.3,93,38,4.72,Clouds,TZ,2022-09-20 23:27:13
152,Waipawa,-41.4122,175.5153,55.18,74,23,8.84,Clouds,NZ,2022-09-20 23:27:56
153,Nichinan,31.6,131.3667,69.48,69,36,14.61,Clouds,JP,2022-09-20 23:27:56
154,Aklavik,68.2191,-135.0107,50.0,81,75,3.44,Clouds,CA,2022-09-20 23:27:57
155,Nabire,-3.3667,135.4833,77.14,87,100,2.82,Clouds,ID,2022-09-20 23:27:57
156,Chuy,-33.6971,-53.4616,51.66,80,100,8.28,Clouds,UY,2022-09-20 23:27:57
157,Nadvoitsy,63.8667,34.3167,44.89,84,99,8.32,Clouds,RU,2022-09-20 23:27:58
158,Avarua,-21.2078,-159.775,77.05,73,75,14.97,Clouds,CK,2022-09-20 23:27:58
159,Smithers,54.7804,-127.1743,68.32,32,20,3.44,Clouds,CA,2022-09-20 23:27:58
160,Narsaq,60.9167,-46.05,41.22,81,9,0.85,Clear,GL,2022-09-20 23:27:58
161,Tutoia,-2.7619,-42.2744,78.64,86,17,15.79,Clouds,BR,2022-09-20 23:27:59
162,Charters Towers,-20.1,146.2667,78.12,57,80,16.98,Clouds,AU,2022-09-20 23:27:59
163,Nizwa,22.9333,57.5333,81.54,51,9,1.07,Clear,OM,2022-09-20 23:27:59
164,Natal,-5.795,-35.2094,79.02,83,0,8.05,Clear,BR,2022-09-20 23:26:50
165,Vao,-22.6667,167.4833,73.6,79,0,10.65,Clear,NC,2022-09-20 23:28:00
166,Sorong,-0.8833,131.25,75.65,90,100,2.95,Clouds,ID,2022-09-20 23:28:00
167,Poum,-20.2333,164.0167,75.92,75,0,7.11,Clear,NC,2022-09-20 23:28:00
168,Nouadhibou,20.931,-17.0347,76.98,69,8,18.41,Clear,MR,2022-09-20 23:28:01
169,Hobyo,5.3505,48.5268,76.23,90,6,19.62,Clear,SO,2022-09-20 23:28:01
170,Macau,22.2006,113.5461,82.2,83,40,16.11,Clouds,MO,2022-09-20 23:28:01
171,Dillon,34.4166,-79.3712,87.78,50,35,3.4,Clouds,US,2022-09-20 23:26:32
172,Havelock,34.8791,-76.9013,84.18,80,20,4.61,Clouds,US,2022-09-20 23:26:30
173,Jaisalmer,26.9147,70.9181,81.05,63,4,16.26,Clear,IN,2022-09-20 23:28:02
174,Lerwick,60.1545,-1.1494,55.4,91,100,13.89,Clouds,GB,2022-09-20 23:28:02
175,Port Elizabeth,-33.918,25.5701,53.89,92,0,4.61,Clear,ZA,2022-09-20 23:25:59
176,Bardiyah,31.7561,25.0865,75.11,73,0,4.0,Clear,LY,2022-09-20 23:28:03
177,Boda,4.3189,17.4695,69.22,97,96,3.4,Rain,CF,2022-09-20 23:28:03
178,Filadelfia,39.9523,-75.1638,78.15,56,20,8.05,Clouds,US,2022-09-20 23:24:55
179,Iqaluit,63.7506,-68.5145,40.73,93,100,0.0,Clouds,CA,2022-09-20 23:29:04
180,East London,-33.0153,27.9116,59.18,71,45,6.55,Clouds,ZA,2022-09-20 23:29:04
181,Isangel,-19.55,169.2667,81.37,69,4,4.97,Clear,VU,2022-09-20 23:29:05
182,Ilinskoye-Khovanskoye,56.9718,39.7684,43.48,93,6,5.19,Clear,RU,2022-09-20 23:29:05
183,Chernyshevskiy,63.0128,112.4714,31.32,96,100,11.07,Snow,RU,2022-09-20 23:29:05
184,Southbridge,42.0751,-72.0334,66.67,97,66,4.38,Clouds,US,2022-09-20 23:29:06
185,Hermon,44.8101,-68.9134,53.82,93,100,10.36,Clouds,US,2022-09-20 23:29:06
186,Guerrero Negro,27.9769,-114.0611,75.65,67,42,15.35,Clouds,MX,2022-09-20 23:29:06
187,Hede,33.7681,120.2517,63.97,67,91,5.97,Clouds,CN,2022-09-20 23:29:07
188,Tabou,4.423,-7.3528,75.56,89,94,9.17,Rain,CI,2022-09-20 23:29:07
189,Codrington,-38.2667,141.9667,52.14,93,100,3.62,Clouds,AU,2022-09-20 23:29:07
190,Severo-Kurilsk,50.6789,156.125,50.95,68,68,14.99,Clouds,RU,2022-09-20 23:29:08
191,Ishigaki,24.3448,124.1572,75.33,94,75,10.36,Rain,JP,2022-09-20 23:29:08
192,Bayangol,50.6977,103.4656,36.66,97,98,2.13,Clouds,RU,2022-09-20 23:29:08
193,Lamar,33.6668,-95.5836,94.98,43,0,12.66,Clear,US,2022-09-20 23:29:08
194,Ust-Nera,64.5667,143.2,30.22,92,100,4.74,Snow,RU,2022-09-20 23:29:09
195,Maniitsoq,65.4167,-52.9,38.55,86,40,5.55,Clouds,GL,2022-09-20 23:29:09
196,Nikolskoye,59.7035,30.7861,49.78,96,58,3.53,Clouds,RU,2022-09-20 23:29:09
197,Itoman,26.1247,127.6694,79.18,65,20,20.71,Clouds,JP,2022-09-20 23:29:10
198,Vardo,70.3705,31.1107,39.18,87,100,12.66,Clouds,NO,2022-09-20 23:29:10
199,Bubaque,11.2833,-15.8333,76.23,88,100,2.71,Rain,GW,2022-09-20 23:29:10
200,Ornskoldsvik,63.2909,18.7153,36.55,100,75,3.44,Clouds,SE,2022-09-20 23:29:11
201,Egvekinot,66.3167,-179.1667,36.21,91,58,11.07,Rain,RU,2022-09-20 23:29:11
202,Fort Nelson,58.8053,-122.7002,62.19,45,75,2.3,Clouds,CA,2022-09-20 23:29:11
203,Tilichiki,60.4667,166.1,43.81,89,100,14.9,Rain,RU,2022-09-20 23:29:12
204,Pangnirtung,66.1451,-65.7125,33.71,82,70,1.72,Clouds,CA,2022-09-20 23:29:12
205,Mglin,53.0591,32.8475,48.9,93,100,3.11,Rain,RU,2022-09-20 23:29:12
206,Bama,11.5221,13.6856,77.04,80,90,7.61,Clouds,NG,2022-09-20 23:29:13
207,Pallasovka,50.05,46.8833,64.47,78,99,6.31,Clouds,RU,2022-09-20 23:29:13
208,Saint-Pierre,-21.3393,55.4781,69.48,83,100,5.75,Clouds,RE,2022-09-20 23:29:13
209,Salalah,17.0151,54.0924,78.89,89,75,4.61,Clouds,OM,2022-09-20 23:27:10
210,Nisia Floresta,-6.0911,-35.2086,79.18,84,66,8.12,Clouds,BR,2022-09-20 23:29:14
211,Bilma,18.6853,12.9164,92.79,31,81,6.98,Clouds,NE,2022-09-20 23:29:14
212,Mopti,14.6667,-4.0,79.38,78,100,13.51,Clouds,ML,2022-09-20 23:29:14
213,Barrow,71.2906,-156.7887,44.62,70,0,9.22,Clear,US,2022-09-20 23:29:14
214,Rafaela,-31.2503,-61.4867,55.99,66,73,4.0,Clouds,AR,2022-09-20 23:29:15
215,Lagoa,39.05,-27.9833,73.65,82,20,5.97,Clouds,PT,2022-09-20 23:29:15
216,Limbe,4.0242,9.2149,75.65,88,91,6.31,Rain,CM,2022-09-20 23:29:15
217,Dilla,6.41,38.31,62.8,81,100,3.67,Clouds,ET,2022-09-20 23:29:16
218,Port Augusta,-32.5,137.7667,59.0,82,84,18.61,Clouds,AU,2022-09-20 23:29:16
219,Bambanglipuro,-7.95,110.2833,75.87,88,100,5.79,Clouds,ID,2022-09-20 23:29:16
220,Rivers,50.0308,-100.2403,58.15,45,28,21.05,Clouds,CA,2022-09-20 23:29:17
221,Teabo,20.4,-89.2833,82.13,69,87,6.67,Clouds,MX,2022-09-20 23:29:17
222,Taylor,32.3001,-99.8337,93.13,38,0,12.66,Clear,US,2022-09-20 23:29:17
223,Noyon,49.5833,3.0,50.65,84,91,4.59,Clouds,FR,2022-09-20 23:29:18
224,Cabedelo,-6.9811,-34.8339,75.87,78,37,10.87,Clouds,BR,2022-09-20 23:29:18
225,Dukat,62.55,155.55,33.58,100,100,2.01,Snow,RU,2022-09-20 23:29:18
226,Soe,-9.8607,124.284,72.41,68,48,4.21,Clouds,ID,2022-09-20 23:29:19
227,Canchungo,12.0672,-16.0333,77.13,96,100,3.74,Rain,GW,2022-09-20 23:29:19
228,Nome,64.5011,-165.4064,46.47,71,75,13.8,Clouds,US,2022-09-20 23:30:19
229,Rawson,-43.3002,-65.1023,46.72,94,100,18.52,Rain,AR,2022-09-20 23:27:31
230,Harlingen,26.1906,-97.6961,87.94,78,20,12.66,Clouds,US,2022-09-20 23:30:20
231,Marshall,34.3834,-86.3333,91.38,62,0,3.44,Clear,US,2022-09-20 23:25:50
232,Maroantsetra,-15.4333,49.7333,66.34,85,30,2.93,Clouds,MG,2022-09-20 23:30:20
233,Alugan,12.2188,125.4808,78.58,87,100,5.88,Clouds,PH,2022-09-20 23:30:21
234,Aquiraz,-3.9014,-38.3911,80.69,82,7,13.58,Clear,BR,2022-09-20 23:30:21
235,Vigrestad,58.5667,5.7,44.28,75,84,5.93,Clouds,NO,2022-09-20 23:30:21
236,Monsenhor Gil,-5.5642,-42.6078,81.72,22,53,2.28,Clouds,BR,2022-09-20 23:30:22
237,Marsh Harbour,26.5412,-77.0636,83.37,73,5,14.7,Clear,BS,2022-09-20 23:30:22
238,Faya,18.3851,42.4509,68.52,61,97,3.18,Clouds,SA,2022-09-20 23:30:23
239,Dingle,10.9995,122.6711,79.38,84,100,3.09,Clouds,PH,2022-09-20 23:30:23
240,Aginskoye,51.1,114.53,46.94,68,99,20.78,Clouds,RU,2022-09-20 23:30:23
241,Yining,29.0361,114.5636,67.77,64,81,2.64,Clouds,CN,2022-09-20 23:30:24
242,Mitu,1.1983,-70.1733,75.06,90,59,1.52,Clouds,CO,2022-09-20 23:30:24
243,Caravelas,-17.7125,-39.2481,72.55,82,10,11.21,Clear,BR,2022-09-20 23:30:24
244,Oranjestad,12.524,-70.027,85.95,74,20,5.75,Clouds,AW,2022-09-20 23:28:16
245,Elban,50.1018,136.5094,44.64,60,2,8.39,Clear,RU,2022-09-20 23:30:25
246,Baruun-Urt,46.6806,113.2792,48.92,36,4,7.74,Clear,MN,2022-09-20 23:30:25
247,Carnarvon,-24.8667,113.6333,66.43,45,97,10.18,Clouds,AU,2022-09-20 23:30:26
248,Vanimo,-2.6741,141.3028,83.01,69,100,4.34,Rain,PG,2022-09-20 23:30:26
249,Bereda,43.2686,-7.5406,57.42,100,18,3.67,Clouds,ES,2022-09-20 23:30:27
250,Blagoyevo,63.3667,47.9167,48.42,95,100,6.46,Rain,RU,2022-09-20 23:30:27
251,Garmsar,35.2182,52.3409,80.33,19,75,7.99,Clouds,IR,2022-09-20 23:30:28
252,Itarema,-2.9248,-39.9167,77.74,84,77,18.03,Clouds,BR,2022-09-20 23:30:28
253,Catamarca,-28.4696,-65.7852,58.59,80,33,7.56,Clouds,AR,2022-09-20 23:30:28
254,Veraval,20.9,70.3667,78.3,78,11,8.75,Clouds,IN,2022-09-20 23:30:28
255,Pisco,-13.7,-76.2167,62.65,77,3,18.41,Dust,PE,2022-09-20 23:30:29
256,Bathsheba,13.2167,-59.5167,83.01,83,20,19.57,Clouds,BB,2022-09-20 23:30:29
257,Dunedin,-45.8742,170.5036,49.8,84,64,5.99,Clouds,NZ,2022-09-20 23:30:29
258,Kaduqli,11.0167,29.7167,72.81,89,98,1.43,Clouds,SD,2022-09-20 23:30:30
259,Saint Anthony,45.0205,-93.218,93.06,68,40,12.66,Clouds,US,2022-09-20 23:30:30
260,Comodoro Rivadavia,-45.8667,-67.5,44.46,100,100,14.97,Rain,AR,2022-09-20 23:30:31
261,Kruisfontein,-34.0033,24.7314,49.89,83,0,5.82,Clear,ZA,2022-09-20 23:30:31
262,Hamilton,39.1834,-84.5333,83.95,65,0,4.61,Clear,US,2022-09-20 23:30:31
263,Luanda,-8.8368,13.2343,71.6,88,20,4.61,Clouds,AO,2022-09-20 23:26:49
264,Geraldton,-28.7667,114.6,50.41,93,94,9.22,Clouds,AU,2022-09-20 23:30:32
265,Mirnyy,62.5353,113.9611,32.23,92,100,8.99,Clouds,RU,2022-09-20 23:30:32
266,Katsuura,35.1333,140.3,64.42,78,100,20.4,Clouds,JP,2022-09-20 23:30:33
267,Wajid,3.8093,43.2471,73.31,75,79,17.36,Clouds,SO,2022-09-20 23:30:33
268,Shingu,33.7333,135.9833,70.54,62,99,2.62,Clouds,JP,2022-09-20 23:30:33
269,Adrar,20.5022,-10.0711,87.55,28,99,22.84,Clouds,MR,2022-09-20 23:30:34
270,Kailua,21.4022,-157.7394,89.58,63,40,12.66,Clouds,US,2022-09-20 23:30:34
271,Myitkyina,25.3833,97.4,74.3,99,99,1.01,Clouds,MM,2022-09-20 23:30:34
272,Tamisan,6.8437,126.2984,83.34,71,98,3.85,Clouds,PH,2022-09-20 23:30:35
273,Scarborough,54.2797,-0.4044,57.78,82,93,6.04,Clouds,GB,2022-09-20 23:31:02
274,Flic En Flac,-20.2742,57.3631,71.53,79,33,14.54,Clouds,MU,2022-09-20 23:31:35
275,Kumylzhenskaya,49.8809,42.5898,52.99,58,100,5.61,Clouds,RU,2022-09-20 23:31:35
276,Kahului,20.8947,-156.47,91.42,56,40,23.02,Clouds,US,2022-09-20 23:31:36
277,Trelew,-43.249,-65.3051,46.76,91,100,18.52,Rain,AR,2022-09-20 23:31:36
278,Mount Isa,-20.7333,139.5,71.37,68,75,13.8,Clouds,AU,2022-09-20 23:31:37
279,Bredasdorp,-34.5322,20.0403,49.51,90,0,3.94,Clear,ZA,2022-09-20 23:31:37
280,Lufilufi,-13.8745,-171.5986,89.38,77,9,23.98,Clear,WS,2022-09-20 23:31:37
281,Greeneville,36.1632,-82.831,81.48,74,1,2.39,Clear,US,2022-09-20 23:28:37
282,Sitka,57.0531,-135.33,57.09,94,100,3.44,Rain,US,2022-09-20 23:31:37
283,Mao,39.8885,4.2658,68.56,68,20,5.75,Clouds,ES,2022-09-20 23:31:38
284,Tezu,27.9167,96.1667,74.3,97,99,2.82,Clouds,IN,2022-09-20 23:31:38
285,Denpasar,-8.65,115.2167,80.26,83,75,9.22,Clouds,ID,2022-09-20 23:31:39
286,Xining,36.6167,101.7667,50.95,77,4,2.15,Clear,CN,2022-09-20 23:31:39
287,Basco,20.4487,121.9702,81.19,63,94,16.71,Clouds,PH,2022-09-20 23:31:39
288,Penzance,50.1186,-5.5371,52.48,76,23,2.64,Clouds,GB,2022-09-20 23:31:40
289,Rocha,-34.4833,-54.3333,46.69,88,100,4.43,Clouds,UY,2022-09-20 23:31:40
290,Roma,43.2128,-75.4557,63.37,90,100,5.99,Clouds,US,2022-09-20 23:31:40
291,Myaundzha,63.0494,147.1858,28.26,92,100,7.31,Snow,RU,2022-09-20 23:31:41
292,Shenjiamen,29.9576,122.298,71.71,81,99,15.57,Clouds,CN,2022-09-20 23:31:41
293,Olafsvik,64.8945,-23.7142,49.48,89,51,7.74,Clouds,IS,2022-09-20 23:31:41
294,Agbor,6.2518,6.1934,72.34,99,100,3.74,Clouds,NG,2022-09-20 23:31:42
295,Road Town,18.4167,-64.6167,84.29,84,40,8.05,Clouds,VG,2022-09-20 23:29:08
296,Caibarien,22.5206,-79.4669,85.32,76,2,9.78,Clear,CU,2022-09-20 23:31:42
297,Sabha,27.0377,14.4283,86.95,13,0,6.46,Clear,LY,2022-09-20 23:31:42
298,Sao Jose Da Coroa Grande,-8.8978,-35.1478,74.98,81,28,8.41,Clouds,BR,2022-09-20 23:31:43
299,Aykino,62.2248,49.9922,48.79,93,99,9.78,Rain,RU,2022-09-20 23:31:43
300,Vanderhoof,54.0166,-124.0198,68.72,24,3,2.42,Clear,CA,2022-09-20 23:30:16
301,Klyuchi,52.2667,79.1667,56.23,42,2,2.68,Clear,RU,2022-09-20 23:31:43
302,Thabazimbi,-24.5917,27.4116,58.28,30,19,0.89,Clouds,ZA,2022-09-20 23:31:44
303,Nanortalik,60.1432,-45.2371,40.62,90,14,15.82,Clouds,GL,2022-09-20 23:31:44
304,Tocopilla,-22.092,-70.1979,59.95,69,10,11.48,Clear,CL,2022-09-20 23:31:44
305,Bethel,41.3712,-73.414,73.76,74,100,4.61,Clouds,US,2022-09-20 23:31:45
306,Taunggyi,20.7833,97.0333,61.9,96,23,0.78,Clouds,MM,2022-09-20 23:31:45
307,Leh,34.1667,77.5833,52.3,48,83,3.96,Clouds,IN,2022-09-20 23:31:45
308,Koani,-6.1333,39.2833,70.7,85,26,5.12,Clouds,TZ,2022-09-20 23:31:46
309,Nilagiri,21.4582,86.7722,77.04,92,13,4.65,Clouds,IN,2022-09-20 23:31:46
310,Cap Malheureux,-19.9842,57.6142,71.47,73,7,11.99,Clear,MU,2022-09-20 23:31:46
311,Namtsy,62.7161,129.6658,31.82,61,6,9.69,Clear,RU,2022-09-20 23:31:47
312,Meulaboh,4.1363,96.1285,75.65,90,96,3.78,Rain,ID,2022-09-20 23:31:47
313,Colares,38.7992,-9.4469,74.39,85,91,10.78,Clouds,PT,2022-09-20 23:31:47
314,Achacachi,-16.05,-68.6833,48.16,73,51,8.28,Clouds,BO,2022-09-20 23:31:48
315,Baie-Comeau,49.2168,-68.1489,51.48,76,40,5.75,Clouds,CA,2022-09-20 23:31:48
316,Port Blair,11.6667,92.75,77.04,94,75,2.3,Mist,IN,2022-09-20 23:31:48
317,Sur,22.5667,59.5289,83.08,67,0,4.99,Clear,OM,2022-09-20 23:31:49
318,Batemans Bay,-35.7167,150.1833,60.1,60,87,8.23,Rain,AU,2022-09-20 23:32:49
319,Mantua,45.1667,10.7833,61.84,82,4,1.99,Clear,IT,2022-09-20 23:30:16
320,Murfreesboro,35.8456,-86.3903,93.04,63,0,4.61,Clear,US,2022-09-20 23:29:05
321,San Ignacio,17.1561,-89.0714,77.14,88,75,0.0,Clouds,BZ,2022-09-20 23:32:49
322,Pemberton,50.3164,-122.8027,74.89,23,0,2.68,Clear,CA,2022-09-20 23:32:50
323,Slave Lake,55.2834,-114.769,55.38,58,0,3.44,Clear,CA,2022-09-20 23:32:50
324,Acari,-15.4311,-74.6158,62.83,82,65,5.35,Clouds,PE,2022-09-20 23:32:50
325,Honggang,46.4667,124.8667,54.25,39,19,16.62,Clouds,CN,2022-09-20 23:32:51
326,Areka,7.0667,37.7,59.63,83,96,2.15,Clouds,ET,2022-09-20 23:32:51
327,Camana,-16.6228,-72.7111,59.86,87,97,10.94,Clouds,PE,2022-09-20 23:32:51
328,Norman Wells,65.282,-126.8329,59.04,44,75,3.44,Clouds,CA,2022-09-20 23:32:52
329,Zhob,31.3411,69.4481,72.9,46,0,1.86,Clear,PK,2022-09-20 23:32:52
330,Arona,28.0996,-16.681,66.72,87,20,8.05,Clouds,ES,2022-09-20 23:32:52
331,Imeni Poliny Osipenko,52.4201,136.4853,45.79,60,5,11.79,Clear,RU,2022-09-20 23:32:52
332,Namatanai,-3.6667,152.4333,80.65,77,98,2.75,Rain,PG,2022-09-20 23:32:53
333,Robertsport,6.7533,-11.3686,76.69,87,100,12.95,Rain,LR,2022-09-20 23:32:53
334,Talas,38.6908,35.5538,56.07,72,40,1.14,Clouds,TR,2022-09-20 23:32:53
335,Kenai,60.5544,-151.2583,53.69,78,100,9.22,Clouds,US,2022-09-20 23:32:54
336,Tetiyiv,49.3767,29.6647,47.39,96,100,13.18,Rain,UA,2022-09-20 23:32:54
337,Ilorin,8.5,4.55,70.95,97,83,3.89,Clouds,NG,2022-09-20 23:32:54
338,Palaikastron,35.2,26.25,71.73,70,32,11.59,Clouds,GR,2022-09-20 23:32:55
339,Yulara,-25.2406,130.9889,64.22,38,0,12.91,Clear,AU,2022-09-20 23:32:55
340,Solnechnyy,50.7214,136.6319,45.68,61,10,5.7,Clear,RU,2022-09-20 23:32:55
341,Pingzhuang,42.0372,119.2889,59.67,24,0,4.9,Clear,CN,2022-09-20 23:32:55
342,Les Cayes,18.2,-73.75,79.88,84,100,3.65,Clouds,HT,2022-09-20 23:32:56
343,Aloleng,16.1307,119.7824,80.22,80,87,8.34,Clouds,PH,2022-09-20 23:32:56
344,Kajaani,64.2273,27.7285,42.85,70,100,8.05,Clouds,FI,2022-09-20 23:32:56
345,Morondava,-20.2833,44.2833,72.39,66,0,1.83,Clear,MG,2022-09-20 23:32:57
346,Kushmurun,52.4503,64.6311,59.29,33,0,5.79,Clear,KZ,2022-09-20 23:32:57
347,Sambava,-14.2667,50.1667,66.25,87,32,11.54,Clouds,MG,2022-09-20 23:32:57
348,Svay Rieng,11.0879,105.7993,78.4,83,91,2.19,Clouds,KH,2022-09-20 23:32:57
349,Uruzgan,32.8333,66.0,65.34,23,0,2.91,Clear,AF,2022-09-20 23:32:58
350,Havre-Saint-Pierre,50.2334,-63.5986,48.56,87,0,5.75,Clear,CA,2022-09-20 23:32:58
351,Alofi,-19.0595,-169.9187,80.49,69,75,17.27,Clouds,NU,2022-09-20 23:32:58
352,Christchurch,-43.5333,172.6333,57.9,76,100,12.66,Clouds,NZ,2022-09-20 23:30:40
353,Khotyn,48.4833,26.5,46.02,87,72,9.48,Clouds,UA,2022-09-20 23:32:59
354,Ulladulla,-35.35,150.4667,63.77,65,91,11.7,Clouds,AU,2022-09-20 23:32:59
355,Diamantino,-14.4086,-56.4461,86.94,46,89,4.0,Clouds,BR,2022-09-20 23:32:59
356,Katangli,51.7102,143.2326,49.35,52,3,18.54,Clear,RU,2022-09-20 23:33:00
357,Esperance,-33.8667,121.9,58.57,74,0,15.77,Clear,AU,2022-09-20 23:33:00
358,Petropavlovsk-Kamchatskiy,53.0452,158.6483,54.19,67,75,2.24,Rain,RU,2022-09-20 23:31:05
359,Grenaa,56.4158,10.8783,46.6,64,7,7.65,Clear,DK,2022-09-20 23:33:00
360,Kabare,-2.4683,28.8242,62.91,82,87,1.16,Clouds,CD,2022-09-20 23:33:01
361,Chinsali,-10.5414,32.0816,63.82,31,5,2.98,Clear,ZM,2022-09-20 23:33:01
362,Bayshore Gardens,27.4253,-82.5904,85.05,79,20,9.22,Clouds,US,2022-09-20 23:33:01
363,Waddan,29.1614,16.139,86.79,15,3,6.73,Clear,LY,2022-09-20 23:33:02
364,Vung Tau,10.346,107.0843,78.55,87,100,12.06,Clouds,VN,2022-09-20 23:28:54
365,Mahon,39.8885,4.2658,68.56,68,20,5.75,Clouds,ES,2022-09-20 23:31:38
366,Big Rapids,43.6981,-85.4837,66.69,92,40,3.44,Clouds,US,2022-09-20 23:34:02
367,Bandarbeyla,9.4942,50.8122,78.85,81,76,19.57,Clouds,SO,2022-09-20 23:34:03
368,Sechura,-5.5569,-80.8222,65.14,73,71,19.24,Clouds,PE,2022-09-20 23:34:03
369,Udachnyy,66.4167,112.4,25.45,92,100,14.65,Clouds,RU,2022-09-20 23:33:34
370,Hedaru,-4.5,37.9,65.93,88,30,5.08,Clouds,TZ,2022-09-20 23:34:04
371,Vaitape,-16.5167,-151.75,78.08,74,7,14.85,Rain,PF,2022-09-20 23:34:04
372,Old Town,50.087,14.4202,48.4,90,0,6.91,Clear,CZ,2022-09-20 23:34:04
373,Hambantota,6.1241,81.1185,78.69,83,8,15.61,Clear,LK,2022-09-20 23:34:04
374,Nemuro,43.3236,145.575,57.42,59,94,5.53,Clouds,JP,2022-09-20 23:34:05
375,Tchibanga,-2.85,11.0333,72.61,88,100,3.65,Clouds,GA,2022-09-20 23:34:05
376,Honiara,-9.4333,159.95,74.89,97,100,9.8,Clouds,SB,2022-09-20 23:34:06
377,Puerto Escondido,15.85,-97.0667,81.43,54,100,5.75,Clouds,MX,2022-09-20 23:34:06
378,Bengkulu,-3.8004,102.2655,75.88,88,99,3.51,Clouds,ID,2022-09-20 23:34:07
379,Mahibadhoo,3.7833,72.9667,80.8,77,52,8.95,Clouds,MV,2022-09-20 23:34:07
380,Manta,-0.95,-80.7333,71.38,83,75,10.36,Clouds,EC,2022-09-20 23:34:07
381,Honolulu,21.3069,-157.8583,89.42,57,40,18.41,Clouds,US,2022-09-20 23:30:04
382,Humaita,-7.5061,-63.0208,82.99,48,37,1.99,Clouds,BR,2022-09-20 23:34:08
383,Berbera,10.4396,45.0143,88.83,59,11,5.64,Clouds,SO,2022-09-20 23:34:08
384,Tarko-Sale,64.9225,77.785,48.29,96,100,21.52,Clouds,RU,2022-09-20 23:34:08
385,Saint George,37.1041,-113.5841,93.79,16,0,11.5,Clear,US,2022-09-20 23:29:44
386,Los Llanos De Aridane,28.6585,-17.9182,69.55,90,40,5.75,Clouds,ES,2022-09-20 23:34:09
387,Hongjiang,27.11,109.9956,69.58,52,86,4.56,Clouds,CN,2022-09-20 23:34:09
388,Yamada,39.4667,141.95,62.71,56,21,5.95,Clouds,JP,2022-09-20 23:34:10
389,Arman,59.7,150.1667,44.02,78,95,5.1,Clouds,RU,2022-09-20 23:34:10
390,Tessalit,20.1986,1.0114,87.84,36,46,7.67,Rain,ML,2022-09-20 23:34:10
391,Ambulu,-8.345,113.6058,77.65,81,98,3.49,Clouds,ID,2022-09-20 23:34:11
392,San Patricio,28.017,-97.5169,89.69,56,16,11.61,Clouds,US,2022-09-20 23:34:11
393,Progreso,21.2833,-89.6667,84.31,75,1,10.6,Clear,MX,2022-09-20 23:34:12
394,Fortuna,40.5982,-124.1573,69.93,74,52,4.0,Clouds,US,2022-09-20 23:34:12
395,Panjakent,39.4952,67.6093,66.87,36,0,5.79,Clear,TJ,2022-09-20 23:34:12
396,Brae,60.3964,-1.353,55.51,93,100,13.89,Rain,GB,2022-09-20 23:34:13
397,Sept-Iles,50.2001,-66.3821,49.05,83,40,9.22,Clouds,CA,2022-09-20 23:33:51
398,Sainte-Suzanne,-20.9061,55.6089,70.02,97,75,14.97,Mist,RE,2022-09-20 23:34:13
399,Waingapu,-9.6567,120.2641,81.55,62,96,7.27,Clouds,ID,2022-09-20 23:34:13
400,Trairi,-3.2778,-39.2689,77.65,82,79,12.75,Clouds,BR,2022-09-20 23:30:36
401,Da Lat,11.9465,108.4419,62.47,97,100,0.83,Clouds,VN,2022-09-20 23:34:14
402,Svarstad,59.399,9.9698,43.16,90,8,3.0,Clear,NO,2022-09-20 23:34:14
403,Ylivieska,64.0833,24.55,40.87,58,96,3.89,Clouds,FI,2022-09-20 23:34:15
404,Santa Isabel Do Rio Negro,-0.4139,-65.0192,75.72,86,67,1.59,Clouds,BR,2022-09-20 23:34:15
405,Verkhoyansk,67.5447,133.385,33.1,60,100,10.71,Clouds,RU,2022-09-20 23:34:15
406,Urengoy,65.9667,78.3667,43.39,97,100,22.08,Clouds,RU,2022-09-20 23:34:16
407,Khatanga,71.9667,102.5,19.89,93,88,4.59,Clouds,RU,2022-09-20 23:34:16
408,Lamu,-2.2717,40.902,73.62,79,69,11.65,Clouds,KE,2022-09-20 23:34:17
409,Asau,46.4333,26.4,42.28,89,14,5.19,Clouds,RO,2022-09-20 23:34:17
410,North Vanlaiphai,23.1333,93.0667,59.99,100,62,1.68,Clouds,IN,2022-09-20 23:34:17
411,Vestmannaeyjar,63.4427,-20.2734,52.23,90,100,6.89,Clouds,IS,2022-09-20 23:32:02
412,Khasan,42.4308,130.6434,55.29,54,0,3.22,Clear,RU,2022-09-20 23:34:18
413,Aktau,43.65,51.2,63.18,30,3,12.12,Clear,KZ,2022-09-20 23:35:18
414,Biak,-0.9131,122.8766,79.99,73,61,5.21,Clouds,ID,2022-09-20 23:35:18
415,Ninghai,29.2892,121.4247,67.5,86,88,7.2,Clouds,CN,2022-09-20 23:35:19
416,Lata,40.1629,-8.3327,67.91,87,30,1.88,Clouds,PT,2022-09-20 23:35:19
417,Praia,14.9215,-23.5087,79.34,78,75,11.5,Clouds,CV,2022-09-20 23:35:19
418,Iberia,29.9502,-91.7507,91.06,45,0,6.91,Clear,US,2022-09-20 23:35:20
419,Lavrentiya,65.5833,-171.0,40.93,76,31,10.58,Clouds,RU,2022-09-20 23:35:20
420,Resavica,44.0408,21.5816,44.49,88,31,0.96,Clouds,RS,2022-09-20 23:35:20
421,Abnub,27.2696,31.1511,77.22,42,0,8.21,Clear,EG,2022-09-20 23:35:21
422,Cortez,37.3489,-108.5859,71.04,49,100,17.27,Clouds,US,2022-09-20 23:35:21
423,Dhidhdhoo,6.8833,73.1,80.8,78,68,9.62,Clouds,MV,2022-09-20 23:35:21
424,Seymchan,62.8833,152.4333,35.31,99,100,10.02,Clouds,RU,2022-09-20 23:35:22
425,Bocanda,7.0626,-4.4995,71.83,98,100,7.23,Clouds,CI,2022-09-20 23:35:22
426,Khani,41.9563,42.9566,58.57,97,91,2.17,Clouds,GE,2022-09-20 23:35:22
427,Kota Kinabalu,5.9749,116.0724,75.18,88,20,5.01,Clouds,MY,2022-09-20 23:35:23
428,Barcelos,41.5388,-8.6151,74.84,72,24,1.99,Clouds,PT,2022-09-20 23:31:16
429,Aykhal,66.0,111.5,23.38,95,100,13.42,Clouds,RU,2022-09-20 23:35:23
430,Cloquet,46.7216,-92.4594,78.39,71,0,0.0,Clear,US,2022-09-20 23:35:23
431,Ngunguru,-35.6167,174.5,62.89,74,47,11.45,Clouds,NZ,2022-09-20 23:35:24
432,Petatlan,17.5167,-101.2667,82.2,92,100,2.44,Clouds,MX,2022-09-20 23:35:24
433,Kysyl-Syr,63.8986,122.7617,30.7,74,90,9.06,Clouds,RU,2022-09-20 23:35:24
434,Winslow,35.0242,-110.6974,71.78,68,100,8.05,Clouds,US,2022-09-20 23:35:24
435,Morant Bay,17.8815,-76.4093,82.02,78,58,4.43,Clouds,JM,2022-09-20 23:35:25
436,Turukhansk,65.8167,87.9833,31.48,58,100,11.32,Clouds,RU,2022-09-20 23:35:25
437,Erenhot,43.6475,111.9767,57.33,41,2,16.4,Clear,CN,2022-09-20 23:35:25
438,Slantsy,59.1182,28.0914,48.33,93,100,3.49,Clouds,RU,2022-09-20 23:35:26
439,Warmbad,-28.45,18.7333,55.47,25,0,8.12,Clear,NA,2022-09-20 23:35:26
440,Podyuga,61.095,40.8647,45.79,93,93,7.81,Clouds,RU,2022-09-20 23:35:26
441,Banda Aceh,5.5577,95.3222,79.41,79,93,6.69,Clouds,ID,2022-09-20 23:35:26
442,Flin Flon,54.7682,-101.865,51.64,87,100,4.61,Mist,CA,2022-09-20 23:35:27
443,Port-Cartier,50.0334,-66.8654,48.74,88,72,7.7,Clouds,CA,2022-09-20 23:35:27
444,Saldanha,-33.0117,17.9442,48.25,83,2,7.45,Clear,ZA,2022-09-20 23:35:27
445,Wexford,52.3342,-6.4575,56.89,96,89,4.0,Clouds,IE,2022-09-20 23:35:28
446,Bima,-8.4667,118.7167,83.05,68,90,4.41,Clouds,ID,2022-09-20 23:35:28
447,Lasa,46.6166,10.7002,54.48,91,26,5.39,Clouds,IT,2022-09-20 23:35:28
448,Sovetskiy,61.3614,63.5842,50.86,88,18,8.79,Clouds,RU,2022-09-20 23:35:29
449,Yakima,46.4665,-120.6678,78.85,22,0,13.8,Clear,US,2022-09-20 23:35:29
450,Teguldet,57.3064,88.1667,39.87,91,94,1.32,Clouds,RU,2022-09-20 23:35:29
451,Lompoc,34.6391,-120.4579,73.53,68,20,10.36,Clouds,US,2022-09-20 23:35:30
452,Mogapi,-22.323,27.8349,63.48,84,27,15.77,Rain,BW,2022-09-20 23:35:30
453,Margate,51.3813,1.3862,58.3,75,98,5.17,Clouds,GB,2022-09-20 23:35:30
454,Wakkanai,45.4094,141.6739,56.52,50,4,21.23,Clear,JP,2022-09-20 23:35:31
455,Aden,12.7794,45.0367,86.83,75,44,11.72,Clouds,YE,2022-09-20 23:35:31
456,Hokitika,-42.7167,170.9667,58.91,61,88,4.43,Clouds,NZ,2022-09-20 23:35:31
457,Illapel,-31.6308,-71.1653,47.62,85,27,3.89,Clouds,CL,2022-09-20 23:35:32
458,Montilla,37.5863,-4.6381,73.6,72,62,5.82,Clouds,ES,2022-09-20 23:35:32
459,Knyaze-Volkonskoye,48.4642,135.4567,52.14,58,7,12.15,Clear,RU,2022-09-20 23:35:32
460,Aksarka,66.5606,67.7975,48.97,90,89,16.89,Clouds,RU,2022-09-20 23:35:32
461,Tomigusuku,26.185,127.675,78.93,65,20,20.71,Clouds,JP,2022-09-20 23:36:33
462,Galesong,-5.3166,119.3661,78.82,74,78,4.7,Clouds,ID,2022-09-20 23:36:33
463,Balkanabat,39.5108,54.3671,79.29,17,0,8.86,Clear,TM,2022-09-20 23:36:33
464,San Juan,-31.5375,-68.5364,58.21,32,0,11.83,Clear,AR,2022-09-20 23:36:34
465,Andenes,69.3143,16.1194,44.58,70,75,13.8,Clouds,NO,2022-09-20 23:36:34
466,Raudeberg,61.9875,5.1352,51.87,67,100,19.19,Clouds,NO,2022-09-20 23:36:34
467,Dombarovskiy,50.7587,59.5386,58.44,19,0,5.95,Clear,RU,2022-09-20 23:36:35
468,Abha,18.2164,42.5053,68.25,35,0,0.0,Clear,SA,2022-09-20 23:36:35
469,Garwa,24.1833,83.8167,75.34,95,91,3.51,Clouds,IN,2022-09-20 23:36:35
470,Galveston,29.3669,-94.9669,93.31,66,20,10.36,Clouds,US,2022-09-20 23:36:36
471,Kisangani,0.5167,25.2,70.9,99,98,2.44,Rain,CD,2022-09-20 23:36:36
472,Ustyuzhna,58.8394,36.4321,47.08,96,100,2.91,Clouds,RU,2022-09-20 23:36:36
473,Bosaso,11.2842,49.1816,89.44,48,97,9.08,Clouds,SO,2022-09-20 23:32:35
474,Samarai,-10.6167,150.6667,80.78,85,100,12.01,Clouds,PG,2022-09-20 23:36:37
475,Rajpipla,21.8667,73.5,73.49,94,38,5.37,Clouds,IN,2022-09-20 23:36:37
476,Constitucion,-35.3333,-72.4167,46.33,81,2,7.92,Clear,CL,2022-09-20 23:35:56
477,Xingyi,24.1877,102.817,60.71,93,38,2.26,Clouds,CN,2022-09-20 23:36:37
478,Novyy Urgal,51.0736,132.5642,43.21,61,87,5.53,Clouds,RU,2022-09-20 23:36:38
479,Namibe,-15.1961,12.1522,61.95,92,15,2.55,Clouds,AO,2022-09-20 23:36:38
480,Adeje,28.1227,-16.726,72.48,87,20,8.05,Clouds,ES,2022-09-20 23:36:38
481,Chapais,49.7834,-74.8492,53.38,69,11,7.87,Clouds,CA,2022-09-20 23:32:46
482,Kathu,7.9178,98.3332,83.75,83,100,9.8,Clouds,TH,2022-09-20 23:36:39
483,Toamasina,-18.1667,49.3833,66.2,94,40,3.44,Clouds,MG,2022-09-20 23:36:39
484,Rizhao,35.4275,119.4553,64.58,60,15,1.54,Clouds,CN,2022-09-20 23:36:39
485,Ossora,59.2353,163.0719,51.57,72,98,33.58,Clouds,RU,2022-09-20 23:36:39
486,Bell Ville,-32.6259,-62.6887,50.67,51,18,6.33,Clouds,AR,2022-09-20 23:36:40
487,Borogontsy,62.6683,131.1683,32.68,58,5,7.56,Clear,RU,2022-09-20 23:36:40
488,Ixtapa,20.7,-105.2,81.63,83,100,6.91,Clouds,MX,2022-09-20 23:36:25
489,Victoria,22.2855,114.1577,85.17,85,64,10.0,Clouds,HK,2022-09-20 23:35:37
490,Wajir,1.7471,40.0573,75.52,64,52,15.52,Clouds,KE,2022-09-20 23:36:41
491,Yamethin,20.4333,96.15,73.38,93,41,4.03,Clouds,MM,2022-09-20 23:36:41
492,Coquimbo,-29.9533,-71.3436,56.93,67,0,9.22,Clear,CL,2022-09-20 23:36:41
493,Bay Roberts,47.5999,-53.2648,50.25,85,40,3.71,Clouds,CA,2022-09-20 23:36:42
494,Korla,41.7597,86.1469,69.73,24,2,8.79,Clear,CN,2022-09-20 23:36:42
495,Garowe,8.4054,48.4845,76.32,74,29,19.57,Clouds,SO,2022-09-20 23:36:42
496,Talcahuano,-36.7167,-73.1167,49.68,76,75,5.75,Clouds,CL,2022-09-20 23:36:42
497,Alice Springs,-23.7,133.8833,62.15,26,1,16.11,Clear,AU,2022-09-20 23:36:43
498,Cervo,43.6702,-7.4101,63.97,82,5,16.71,Clear,ES,2022-09-20 23:36:43
499,Demyansk,57.643,32.466,45.95,96,100,1.79,Clouds,RU,2022-09-20 23:36:43
500,Buraydah,26.326,43.975,88.25,21,61,6.38,Clouds,SA,2022-09-20 23:36:44
501,Alegrete,-29.7831,-55.7919,60.46,90,87,8.95,Clouds,BR,2022-09-20 23:36:44
502,Ipueiras,-7.0333,-40.45,76.33,37,52,8.03,Clouds,BR,2022-09-20 23:36:44
503,Yeniseysk,58.4497,92.1703,29.64,93,25,4.36,Clouds,RU,2022-09-20 23:36:45
504,Ketchikan,55.3422,-131.6461,64.87,59,0,8.05,Clear,US,2022-09-20 23:32:12
505,Shelburne,44.0787,-80.2041,66.99,79,77,2.13,Clouds,CA,2022-09-20 23:33:35
506,Faridpur,23.6,89.8333,78.31,92,10,9.57,Clear,BD,2022-09-20 23:36:45
507,Cam Ranh,11.9214,109.1591,76.96,88,20,3.44,Rain,VN,2022-09-20 23:37:45
508,Ledyard,41.4398,-72.0142,71.28,78,69,1.01,Rain,US,2022-09-20 23:34:08
509,Khandbari,27.3747,87.2039,70.0,90,96,1.41,Clouds,NP,2022-09-20 23:37:46
510,Rundu,-17.9333,19.7667,61.43,21,0,9.15,Clear,NA,2022-09-20 23:37:46
511,Nerchinskiy Zavod,51.3088,119.61,46.26,76,100,9.04,Clouds,RU,2022-09-20 23:37:46
512,Linhares,-19.3911,-40.0722,70.79,81,47,8.21,Clouds,BR,2022-09-20 23:37:47
513,Mananjary,-21.2167,48.3333,68.25,83,40,1.88,Clouds,MG,2022-09-20 23:37:47
514,Taoudenni,22.6783,-3.9836,95.76,23,4,13.02,Clear,ML,2022-09-20 23:37:47
515,Te Anau,-45.4167,167.7167,51.69,74,89,1.36,Clouds,NZ,2022-09-20 23:37:48
516,La Palma,33.8464,-118.0467,89.87,62,20,16.11,Clouds,US,2022-09-20 23:37:48
517,Vila,42.0304,-8.1588,59.88,80,60,2.77,Clouds,PT,2022-09-20 23:37:48
518,Vidim,56.4088,103.1106,32.07,88,88,12.5,Clouds,RU,2022-09-20 23:37:49
519,Bridlington,54.0831,-0.1919,58.89,78,89,7.87,Clouds,GB,2022-09-20 23:37:49
520,Balgazyn,51.0,95.2,39.74,89,8,2.24,Clear,RU,2022-09-20 23:37:49
521,Qui Nhon,13.7667,109.2333,78.3,89,100,7.56,Clouds,VN,2022-09-20 23:37:50
522,Nashville,36.1659,-86.7844,93.51,42,0,8.05,Clear,US,2022-09-20 23:35:52
523,Tautira,-17.7333,-149.15,77.25,77,75,17.25,Rain,PF,2022-09-20 23:37:50
524,Uray,60.1247,64.7758,55.29,95,84,8.46,Clouds,RU,2022-09-20 23:37:50
525,Tynda,55.1667,124.7167,39.45,76,93,0.4,Clouds,RU,2022-09-20 23:37:51
526,Polohy,47.4844,36.2536,52.41,79,82,10.09,Clouds,UA,2022-09-20 23:37:51
527,Nara,34.6851,135.8049,71.49,41,64,5.35,Clouds,JP,2022-09-20 23:37:51
528,Santa Cruz,-17.8,-63.1667,78.85,69,40,3.44,Clouds,BO,2022-09-20 23:34:11
529,Mayumba,-3.432,10.6554,74.91,88,100,6.67,Rain,GA,2022-09-20 23:37:52
530,Cidreira,-30.1811,-50.2056,59.27,91,72,9.93,Clouds,BR,2022-09-20 23:37:52
531,Muli,2.9167,73.5667,81.23,75,36,7.65,Clouds,MV,2022-09-20 23:37:52
532,Padilla,3.2204,-76.3139,76.57,89,95,3.42,Clouds,CO,2022-09-20 23:37:53
533,Edson,53.5835,-116.4356,59.11,33,0,10.36,Clear,CA,2022-09-20 23:33:36
534,Aviles,43.5547,-5.9248,60.17,82,0,5.75,Clear,ES,2022-09-20 23:37:53
535,Omsukchan,62.5333,155.8,34.65,100,100,2.8,Snow,RU,2022-09-20 23:37:53
536,Ust-Omchug,61.15,149.6333,32.59,97,100,3.02,Snow,RU,2022-09-20 23:37:54
537,Trincomalee,8.5711,81.2335,80.53,75,11,16.4,Clouds,LK,2022-09-20 23:37:54
538,Ranong,9.9658,98.6348,79.05,88,100,6.76,Clouds,TH,2022-09-20 23:37:55
539,Antalaha,-14.9003,50.2788,67.24,76,22,8.1,Clouds,MG,2022-09-20 23:37:55
540,Altay,47.8667,88.1167,52.95,19,0,4.5,Clear,CN,2022-09-20 23:37:55
541,Mankono,8.0586,-6.1897,70.68,97,100,3.47,Rain,CI,2022-09-20 23:37:55
542,Carnot,4.9409,15.8665,69.3,97,99,1.34,Rain,CF,2022-09-20 23:37:56
543,Ha Noi,21.0245,105.8412,77.0,83,72,3.02,Clouds,VN,2022-09-20 23:33:42
544,Cerritos,33.8583,-118.0648,89.08,62,20,16.11,Clouds,US,2022-09-20 23:37:56
545,Nivala,63.9167,24.9667,39.69,60,91,4.21,Clouds,FI,2022-09-20 23:37:56
546,Nyagan,62.1406,65.3936,52.65,84,6,9.64,Clear,RU,2022-09-20 23:37:57
547,Surajgarh,28.3124,75.7347,80.62,72,30,3.87,Clouds,IN,2022-09-20 23:37:57
548,Kiruna,67.8557,20.2251,34.72,87,100,4.61,Clouds,SE,2022-09-20 23:37:57
549,Zelenoborsk,61.4669,64.0333,50.92,91,25,8.95,Clouds,RU,2022-09-20 23:37:58
550,Nogliki,51.8333,143.1667,48.94,54,2,19.51,Clear,RU,2022-09-20 23:37:58
551,Atar,20.5169,-13.0499,88.99,33,47,15.08,Clouds,MR,2022-09-20 23:37:58
552,Seoul,37.5683,126.9778,58.6,77,0,3.44,Clear,KR,2022-09-20 23:36:13
553,Basoko,1.2391,23.616,71.82,96,90,3.47,Rain,CD,2022-09-20 23:37:59
554,Muskegon,43.3,-86.1334,68.97,90,100,3.44,Clouds,US,2022-09-20 23:37:59
555,Shaoguan,24.8,113.5833,79.43,66,71,2.55,Clouds,CN,2022-09-20 23:38:59
556,Ozinki,51.1786,49.6769,65.03,50,100,3.65,Clouds,RU,2022-09-20 23:39:00
557,Kiunga,-6.1219,141.2906,84.02,69,94,1.86,Clouds,PG,2022-09-20 23:39:00
558,Sao Geraldo Do Araguaia,-6.4006,-48.555,89.08,28,48,2.91,Clouds,BR,2022-09-20 23:39:00
559,Ouesso,1.6136,16.0517,69.69,98,98,1.54,Clouds,CG,2022-09-20 23:39:01
560,Moree,-29.4667,149.85,58.95,88,100,21.61,Rain,AU,2022-09-20 23:39:01
561,Cururupu,-1.8283,-44.8683,75.42,87,85,4.76,Clouds,BR,2022-09-20 23:39:01
562,Thinadhoo,0.5333,72.9333,80.74,74,34,4.14,Clouds,MV,2022-09-20 23:39:02
563,Tuscaloosa,33.2098,-87.5692,89.38,72,0,3.44,Clear,US,2022-09-20 23:36:02
564,Gat,31.61,34.7642,74.08,100,1,1.95,Clear,IL,2022-09-20 23:39:02
565,Japura,-0.3167,102.35,73.6,96,100,1.92,Clouds,ID,2022-09-20 23:39:02
566,Chimbote,-9.0853,-78.5783,61.41,85,50,14.03,Clouds,PE,2022-09-20 23:39:03
567,Umm Lajj,25.0213,37.2685,80.28,61,0,5.82,Clear,SA,2022-09-20 23:39:03
568,Kirakira,-10.4544,161.9205,78.98,87,100,7.9,Clouds,SB,2022-09-20 23:39:04
569,Puerto Colombia,10.9878,-74.9547,80.69,77,92,8.21,Clouds,CO,2022-09-20 23:39:04
570,Dolzhanskaya,46.6311,37.8039,64.58,63,16,16.62,Clouds,RU,2022-09-20 23:39:04
571,Boende,-0.2167,20.8667,71.8,95,100,0.83,Rain,CD,2022-09-20 23:39:05
572,Villanueva De La Serena,38.9766,-5.7974,73.56,60,100,1.92,Clouds,ES,2022-09-20 23:39:05
573,Pemba,-12.974,40.5178,74.1,88,20,6.91,Clouds,MZ,2022-09-20 23:39:06
574,Sarakhs,36.5449,61.1577,69.03,25,0,1.43,Clear,IR,2022-09-20 23:39:06
575,Ahvaz,31.3203,48.6693,87.13,41,0,4.88,Clear,IR,2022-09-20 23:39:06
576,Ponta Delgada,37.7333,-25.6667,76.5,83,40,3.44,Clouds,PT,2022-09-20 23:39:07
577,Mackenzie,55.2999,-123.1698,64.62,34,0,11.5,Clear,CA,2022-09-20 23:39:07
578,Moussoro,13.6408,16.4901,80.24,70,93,18.37,Clouds,TD,2022-09-20 23:39:07
579,Cachoeira Do Sul,-30.0392,-52.8939,61.2,91,94,8.05,Clouds,BR,2022-09-20 23:39:08
580,Mbabane,-26.3167,31.1333,50.9,90,100,2.71,Rain,SZ,2022-09-20 23:39:08
581,Halifax,44.6453,-63.5724,59.0,95,100,23.02,Clouds,CA,2022-09-20 23:36:05
582,Champerico,14.3,-91.9167,77.54,83,62,2.91,Clouds,GT,2022-09-20 23:39:09
583,Evanston,42.0411,-87.6901,88.36,63,100,19.57,Thunderstorm,US,2022-09-20 23:37:20
584,Atbasar,51.8,68.3333,59.36,51,1,4.65,Clear,KZ,2022-09-20 23:39:09
585,Key West,24.5557,-81.7826,91.4,65,40,4.61,Clouds,US,2022-09-20 23:39:10
586,Tshela,-4.9833,12.9333,72.19,87,100,2.89,Clouds,CD,2022-09-20 23:39:10
587,Chardara,41.2547,67.9692,68.13,38,0,6.76,Clear,KZ,2022-09-20 23:39:11
588,Port Hardy,50.6996,-127.4199,68.18,52,0,4.61,Clear,CA,2022-09-20 23:39:11
589,Xuddur,4.1213,43.8894,71.29,80,59,10.83,Clouds,SO,2022-09-20 23:39:11
590,Le Port,-20.9373,55.2919,69.8,81,40,4.29,Clouds,RE,2022-09-20 23:39:12
591,Khryashchevka,53.8119,49.0916,59.0,78,88,7.7,Clouds,RU,2022-09-20 23:39:12
592,Kargasok,59.0556,80.8572,47.05,85,100,10.0,Clouds,RU,2022-09-20 23:39:13
593,Hit,33.6416,42.8251,85.55,18,0,10.16,Clear,IQ,2022-09-20 23:39:13
594,Ambanja,-13.6833,48.45,70.0,86,65,2.91,Clouds,MG,2022-09-20 23:39:13
595,Murgab,37.4966,61.9714,66.07,55,0,0.0,Clear,TM,2022-09-20 23:39:13
596,Vila Franca Do Campo,37.7167,-25.4333,76.19,83,56,1.99,Clouds,PT,2022-09-20 23:39:14
597,Quchan,37.106,58.5095,60.53,40,0,4.9,Clear,IR,2022-09-20 23:39:14
598,Labuan,5.2767,115.2417,79.16,88,20,3.44,Clouds,MY,2022-09-20 23:39:15
599,Goure,13.9835,10.2704,81.55,46,87,4.94,Clouds,NE,2022-09-20 23:39:15
600,Copacabana,6.3463,-75.5089,70.14,78,75,2.3,Clouds,CO,2022-09-20 23:37:38
601,Dogondoutchi,13.6393,4.0287,80.89,70,14,7.49,Clouds,NE,2022-09-20 23:39:15
602,Terme,41.2092,36.9739,67.93,92,100,5.59,Clouds,TR,2022-09-20 23:40:16
603,Ituacu,-13.8133,-41.2967,72.21,72,12,7.23,Clouds,BR,2022-09-20 23:40:16
604,Novyy Urengoy,66.0833,76.6333,46.29,98,100,16.98,Clouds,RU,2022-09-20 23:40:16
605,Zemio,5.0314,25.1361,66.96,96,71,2.3,Clouds,CF,2022-09-20 23:40:17
606,Blairmore,49.6,-114.4353,57.38,46,27,4.47,Clouds,CA,2022-09-20 23:40:17
607,Pacific Grove,36.6177,-121.9166,73.51,74,40,13.0,Clouds,US,2022-09-20 23:40:17
608,Huilong,31.8111,121.655,70.93,64,95,11.86,Clouds,CN,2022-09-20 23:40:18
609,Thoen,17.6129,99.2161,72.88,99,97,1.52,Clouds,TH,2022-09-20 23:40:18
610,Teguise,29.0605,-13.564,70.02,78,20,9.22,Clouds,ES,2022-09-20 23:40:18
611,Eyl,7.9803,49.8164,77.83,81,44,15.5,Clouds,SO,2022-09-20 23:40:19
612,Nueve De Julio,-35.4444,-60.8831,53.96,56,99,7.0,Clouds,AR,2022-09-20 23:40:19
613,Karema,-6.8205,30.4389,76.41,44,22,4.99,Clouds,TZ,2022-09-20 23:40:19
614,Coihaique,-45.5752,-72.0662,41.61,81,75,3.44,Clouds,CL,2022-09-20 23:40:19
615,Inhambane,-23.865,35.3833,73.4,86,46,2.59,Clouds,MZ,2022-09-20 23:40:20
616,Pundaguitan,6.3711,126.1689,83.53,71,100,4.83,Clouds,PH,2022-09-20 23:40:20
617,Bijie,27.3125,105.2942,59.61,93,100,1.9,Clouds,CN,2022-09-20 23:40:20
618,Ulaangom,49.9811,92.0667,47.62,58,5,2.19,Clear,MN,2022-09-20 23:40:21
619,Komyshnya,50.1859,33.684,45.18,98,73,4.79,Rain,UA,2022-09-20 23:40:21
620,Harnosand,62.6323,17.9379,45.0,83,36,3.09,Clouds,SE,2022-09-20 23:40:22
621,Queimadas,-10.9783,-39.6264,75.18,59,44,13.29,Clouds,BR,2022-09-20 23:40:22
622,Ayan,56.45,138.1667,44.67,56,51,15.23,Clouds,RU,2022-09-20 23:40:22
623,Fairbanks,64.8378,-147.7164,48.6,78,100,4.61,Clouds,US,2022-09-20 23:37:00
624,Matara,5.9485,80.5353,76.73,89,24,8.86,Clouds,LK,2022-09-20 23:40:22
625,Hervey Bay,-25.2986,152.8535,74.01,75,41,7.0,Clouds,AU,2022-09-20 23:40:23
626,Youhao,47.8667,128.8333,53.11,43,73,10.87,Clouds,CN,2022-09-20 23:40:23
627,Uige,-7.6087,15.0613,68.61,92,88,2.57,Clouds,AO,2022-09-20 23:40:23
628,Bairiki,1.3292,172.9752,75.2,88,100,3.44,Rain,KI,2022-09-20 23:40:24
629,Panguipulli,-39.6333,-72.3333,38.12,99,92,0.85,Clouds,CL,2022-09-20 23:40:24
630,Bindura,-17.3019,31.3306,65.01,36,2,2.28,Clear,ZW,2022-09-20 23:40:24
631,Abalak,58.1286,68.5944,56.86,67,99,6.06,Clouds,RU,2022-09-20 23:40:25
632,Wewak,-3.5534,143.6268,76.35,92,100,6.76,Rain,PG,2022-09-20 23:40:25
633,Waynesboro,38.0685,-78.8895,76.6,58,0,4.59,Clear,US,2022-09-20 23:40:25
634,Zhanakorgan,43.9098,67.2495,70.47,23,0,10.87,Clear,KZ,2022-09-20 23:40:26
635,Tingo Maria,-9.2895,-76.0088,74.53,77,65,2.48,Clouds,PE,2022-09-20 23:40:26
636,Labuhan,-6.8844,112.2051,79.57,74,100,7.11,Rain,ID,2022-09-20 23:40:26
637,Panama City,8.9936,-79.5197,82.35,81,40,4.61,Clouds,PA,2022-09-20 23:37:13
638,Ise,34.4833,136.7,70.92,67,9,12.46,Clear,JP,2022-09-20 23:40:27
639,Ryotsu,38.0833,138.4333,63.5,61,95,7.34,Rain,JP,2022-09-20 23:40:27
640,Vakhrushev,48.9833,142.9667,51.19,50,27,12.93,Clouds,RU,2022-09-20 23:40:28
641,Dicabisagan,17.0818,122.4157,79.52,81,94,3.42,Clouds,PH,2022-09-20 23:40:28
642,Estelle,29.8458,-90.1067,89.6,53,0,5.75,Clear,US,2022-09-20 23:40:28
643,Riyadh,24.6877,46.7219,80.74,26,1,7.65,Clear,SA,2022-09-20 23:36:57
644,Rantauprapat,2.1,99.8333,73.27,97,100,1.16,Clouds,ID,2022-09-20 23:40:28
645,Miri,4.4148,114.0089,75.34,94,40,3.44,Clouds,MY,2022-09-20 23:40:29
646,Narrabri,-30.3167,149.7833,59.34,83,100,15.93,Rain,AU,2022-09-20 23:40:29
647,Jacareacanga,-6.2222,-57.7528,84.0,43,62,0.98,Clouds,BR,2022-09-20 23:40:29
648,Krasnaya Gorbatka,55.8703,41.7641,45.73,87,69,2.48,Clouds,RU,2022-09-20 23:40:30
649,Whitehorse,60.7161,-135.0538,61.57,51,75,20.71,Clouds,CA,2022-09-20 23:40:57
650,Marsabit,2.3284,37.9899,64.36,66,30,22.48,Clouds,KE,2022-09-20 23:41:30
651,Panzhihua,26.5851,101.7128,69.51,95,99,0.27,Clouds,CN,2022-09-20 23:41:30
652,Sisimiut,66.9395,-53.6735,36.21,75,91,4.45,Clouds,GL,2022-09-20 23:41:31
653,Houma,29.5958,-90.7195,88.0,60,0,8.05,Clear,US,2022-09-20 23:41:31
654,Olginskaya,47.1879,39.9492,65.93,53,100,5.99,Clouds,RU,2022-09-20 23:41:32
655,Zaltan,32.947,11.8665,79.2,84,29,11.63,Clouds,LY,2022-09-20 23:41:32
656,Sao Miguel,-5.4667,-35.3667,75.97,81,43,12.93,Clouds,BR,2022-09-20 23:36:52
657,Ako,34.75,134.4,68.36,58,46,3.0,Clouds,JP,2022-09-20 23:41:32
658,Sosua,19.7667,-70.5167,80.58,94,75,0.0,Thunderstorm,DO,2022-09-20 23:41:33
659,San Cristobal,7.7669,-72.225,75.38,96,82,1.28,Clouds,VE,2022-09-20 23:37:44
660,Rio Gallegos,-51.6226,-69.2181,41.05,75,0,21.85,Clear,AR,2022-09-20 23:41:33
661,Lima,-12.0432,-77.0282,60.91,82,100,10.36,Clouds,PE,2022-09-20 23:37:36
662,Omboue,-1.5746,9.2618,75.11,84,97,5.46,Clouds,GA,2022-09-20 23:41:33
663,Innisfail,-17.5333,146.0333,78.39,71,98,4.27,Clouds,AU,2022-09-20 23:41:34
664,Envira,-7.3,-70.2167,79.2,71,65,1.54,Rain,BR,2022-09-20 23:41:34
665,Corowa,-36.0333,146.3833,60.42,70,99,10.11,Clouds,AU,2022-09-20 23:41:34
666,Grand Gaube,-20.0064,57.6608,71.38,72,8,8.01,Clear,MU,2022-09-20 23:41:35
667,Fastiv,50.0767,29.9177,48.36,96,100,12.03,Rain,UA,2022-09-20 23:41:35
668,Kangaatsiaq,68.3065,-53.4641,37.27,83,100,15.93,Rain,GL,2022-09-20 23:41:35
669,Roald,62.5833,6.1333,53.76,76,100,9.22,Clouds,NO,2022-09-20 23:41:36
670,Mega,4.05,38.3,62.55,56,92,18.79,Clouds,ET,2022-09-20 23:41:36
671,Fort-Shevchenko,44.5086,50.263,73.51,32,0,11.9,Clear,KZ,2022-09-20 23:41:36
672,Noumea,-22.2763,166.4572,81.0,99,1,9.82,Clear,NC,2022-09-20 23:41:37
673,Jacqueville,5.2052,-4.4146,75.9,87,85,10.94,Rain,CI,2022-09-20 23:41:37
674,Xichang,27.8964,102.2634,64.18,96,100,1.21,Clouds,CN,2022-09-20 23:41:37
675,Maneromango,-7.1988,38.7848,63.36,96,49,1.61,Clouds,TZ,2022-09-20 23:41:37
676,Beyla,8.6833,-8.6333,67.42,98,100,3.06,Rain,GN,2022-09-20 23:41:38
677,Prado,-17.3411,-39.2208,72.88,84,8,13.38,Clear,BR,2022-09-20 23:41:38
678,Jalu,29.0331,21.5482,83.61,31,0,6.69,Clear,LY,2022-09-20 23:41:38
679,Pimenta Bueno,-11.6725,-61.1936,85.62,43,84,2.08,Clouds,BR,2022-09-20 23:41:39
680,Laguna,38.421,-121.4238,80.31,46,0,6.91,Clear,US,2022-09-20 23:41:39
681,Nushki,29.5542,66.0215,76.42,18,0,1.34,Clear,PK,2022-09-20 23:41:39
682,Pastavy,55.1168,26.8326,50.29,84,100,4.88,Clouds,BY,2022-09-20 23:41:40
683,Plover,44.4564,-89.544,78.91,74,0,5.01,Clear,US,2022-09-20 23:37:17
684,Chavakkad,10.5333,76.05,76.82,86,99,3.53,Clouds,IN,2022-09-20 23:41:40
685,Sobolevo,54.4299,31.8996,44.47,93,75,4.65,Clouds,RU,2022-09-20 23:41:40
686,Oistins,13.0667,-59.5333,82.49,83,20,19.57,Clouds,BB,2022-09-20 23:41:41
687,Purpe,64.4803,76.6897,52.11,98,100,17.25,Clouds,RU,2022-09-20 23:41:41
688,Zanjan,36.6736,48.4787,65.37,39,16,6.04,Clouds,IR,2022-09-20 23:41:41
689,Goba,7.0167,39.9833,48.81,91,99,4.97,Clouds,ET,2022-09-20 23:41:42
690,Atambua,-9.1061,124.8925,82.09,59,34,1.79,Clouds,ID,2022-09-20 23:41:42
691,Buturlinovka,50.8239,40.6092,55.13,56,68,7.45,Clouds,RU,2022-09-20 23:41:42
692,Ust-Barguzin,53.45,108.9833,45.81,82,94,10.25,Rain,RU,2022-09-20 23:41:42
693,Phulabani,20.4667,84.2333,70.18,94,94,3.0,Clouds,IN,2022-09-20 23:41:43
694,Salcininkai,54.3,25.3833,49.84,86,100,4.92,Clouds,LT,2022-09-20 23:41:43
695,Menongue,-14.6585,17.691,59.92,28,7,2.33,Clear,AO,2022-09-20 23:41:43
696,Ancud,-41.8697,-73.8203,43.23,86,43,4.97,Clouds,CL,2022-09-20 23:37:12
697,Batagay-Alyta,67.8006,130.4114,27.12,52,93,4.85,Clouds,RU,2022-09-20 23:41:44
698,Flagstaff,35.1981,-111.6513,73.53,59,75,11.5,Clouds,US,2022-09-20 23:41:32
699,Nishihara,26.1842,127.7558,78.46,65,20,20.71,Clouds,JP,2022-09-20 23:42:44
700,Tiarei,-17.5333,-149.3333,84.22,77,50,18.28,Rain,PF,2022-09-20 23:42:45
701,Hami,42.8,93.45,66.43,24,0,7.52,Clear,CN,2022-09-20 23:42:45
702,Boyolangu,-8.1181,111.8935,76.57,86,100,7.78,Clouds,ID,2022-09-20 23:42:45
703,Sakaiminato,35.55,133.2333,69.73,56,75,14.97,Clouds,JP,2022-09-20 23:42:46
704,Doka,13.5167,35.7667,70.07,81,100,8.61,Clouds,SD,2022-09-20 23:42:46
705,Evensk,61.95,159.2333,44.71,89,100,16.26,Rain,RU,2022-09-20 23:42:46
706,Goulburn,-34.75,149.7167,57.27,72,100,11.16,Rain,AU,2022-09-20 23:42:46
707,Dalby,-27.1833,151.2667,63.77,70,100,9.69,Rain,AU,2022-09-20 23:42:47
